broader > pref label,pref label,narrower > pref label
Science,Anatomy,Body fluids
Science,Anatomy,Cardiovascular system
Science,Anatomy,Digestive system
Science,Anatomy,Gastrointestinal system
Science,Anatomy,Nervous system
Science,Anatomy,Organs
Science,Anatomy,Respiratory system
Science,Anatomy,Urinary system
Science,Astronomy,
Science,Astronomy,Cosmology
Science,Astrophysics,Solar events
Science,Astrophysics,Solar events
Science,Astrophysics,Solar events
Science,Astrophysics,Solar events
Science,Astrophysics,Solar events
Science,Astrophysics,Solar events
Science,Biology,Molecular biology
Science,Biology,Systematic biology
Science,Biology,
Science,Biology,Biochemistry
Science,Biology,Biodiversity
Science,Biology,Biomedical engineering
Science,Biology,Botany
Science,Biology,Evolution
Science,Biology,Genetics
Science,Biology,Microbiology
Science,Biology,Zoology
Science,Chemistry,Organic chemistry
Science,Chemistry,Organic chemistry
Science,Chemistry,Organic chemistry
Science,Chemistry,Organic chemistry
Science,Ecology,
Science,Ecology,
Science,Ecology,
Science,Ecology,
Science,Ecology,
Science,Ecology,
Science,Ecology,
Science,Geology,Fossils
Science,Geology,Geophysics
Science,Geology,Rocks
Science,Laboratories,Government laboratories
Health services and medicine,Medicine,Haematology
Science,Medicine,Immunology
Health services and medicine,Medicine,
Health services and medicine,Medicine,Animal experiments
Health services and medicine,Medicine,Chiropody
Health services and medicine,Medicine,Clinical audit
Health services and medicine,Medicine,Clinical trials
Health services and medicine,Medicine,Complementary medicine
Health services and medicine,Medicine,Dentistry
Health services and medicine,Medicine,Dermatology
Health services and medicine,Medicine,Diagnosis
Health services and medicine,Medicine,Endocrinology
Health services and medicine,Medicine,Genetics
Health services and medicine,Medicine,Genito-urinary medicine
Health services and medicine,Medicine,Geriatrics
Health services and medicine,Medicine,Gynaecology
Health services and medicine,Medicine,Human experiments
Health services and medicine,Medicine,Medical treatments
Health services and medicine,Medicine,Neurology
Health services and medicine,Medicine,Obstetrics
Health services and medicine,Medicine,Ophthalmology
Health services and medicine,Medicine,Paediatrics
Health services and medicine,Medicine,Pathology
Health services and medicine,Medicine,Pharmacy
Health services and medicine,Medicine,Physiology
Health services and medicine,Medicine,Psychiatry
Health services and medicine,Medicine,Radiography
Health services and medicine,Medicine,Rheumatology
Health services and medicine,Medicine,Surgery
Health services and medicine,Medicine,Urology
Health services and medicine,Medicine,Veterinary medicine
Science,Meteorology,Atmosphere
Science,Meteorology,Climate
Science,Meteorology,Weather
